hole_id;date;easting_x;northing_y;elevation;elev_topo;eoh;is_old;is_twin;inc_samp
E07-017;44545;404120.68;114875.1;375.571;392.1260071;16;1;0;18
E07-018;44394;404127.929;114849.522;383.153;397.9379883;30;1;0;34
E07-019;44545;404157.778;114865.303;371.663;392.0090027;16;1;0;16
E07-020;44394;404170.353;114853.791;371.346;393.8380127;10.5;1;0;15
E07-021;44545;404208.368;114873.263;376.459;391.0629883;19.5;1;0;21
E07-022;44394;404228.576;114850.246;379.633;394.8009949;30;1;0;34
E07-023;44545;404255.964;114874.813;373.679;390.553009;7.5;1;0;8
E07-024A;44394;404279.97;114846.744;378.937;395.0969849;18;1;0;26
E07-025;44546;404307.925;114873.409;364.991;384.7789917;15;1;0;15
E07-026;44394;404325.438;114844.589;374.078;392.802002;12;1;0;15
E07-027;44546;404338.767;114857.638;374.033;386.0690002;8;1;0;11
E07-028;44394;404384.812;114845.663;364.724;384.5310059;7.5;1;0;10
E07-029;44248;404408.355;114875.499;371.605;382.7969971;13.5;1;0;15
E07-030;44394;404430.252;114855.836;377.324;389.1340027;22.5;1;0;30
E07-031;44248;404456.433;114874.865;373.35;388.7309875;20;1;0;20
E07-032;44394;404473.394;114850.339;374.15;391.5090027;15;1;0;20
E07-049;44545;404106.148;114827.2;390.692;402.2080078;7;1;0;7
E07-050;44394;404137.515;114791.524;391.395;407.0329895;15;1;0;20
E07-051;44545;404159.632;114821.507;382.114;400.9700012;18;1;0;19
E07-052;44394;404177.513;114800.723;382.523;402.7229919;26.5;1;0;31
E07-053;44545;404205.883;114824.213;379.131;396.9159851;14;1;0;14
E07-053B;44545;404221.582;114832.163;381.769;396.3859863;22.5;1;0;26
E07-054;44394;404228.224;114802.139;385.062;399.45401;19.5;1;0;20
E07-055;44545;404254.834;114827.12;383.952;398.9630127;12.35;1;0;16
E07-056;44393;404281.732;114799.883;389.997;403.3959961;15;1;0;21
E07-057;44546;404303.045;114824.195;383.601;399.6539917;16.5;1;0;19
E07-058;44393;404329.817;114800.75;384.687;401.5700073;15.4;1;0;22
E07-059;44546;404356.463;114825.73;377.413;393.0740051;8;1;0;8
E07-060;44256;404379.811;114801.933;372.724;393.9159851;2;1;0;3
E07-061;44546;404406.005;114821.934;384.644;390.2890015;7;1;0;7
E07-062;44394;404424.054;114796.952;387.493;396.802002;19.5;1;0;24
E07-063;44255;404455.233;114828.421;380.579;394.302002;11;1;0;12
E07-064;44394;404483.288;114793.316;370.002;392.6359863;18;1;0;23
E07-081;44545;404120.924;114787.751;393.183;407.9400024;12.2;1;0;15
E07-082;44393;404126.549;114748.907;394.741;411.5150146;23.5;1;0;28
E07-084;44394;404175.657;114736.058;384.897;411.2099915;8.5;1;0;10
E07-085;44545;404191.867;114768.399;387.83;405.5029907;17;1;0;19
E07-086;44393;404232.906;114752.227;386.708;408.1080017;12;1;0;12
E07-087;44546;404259.416;114772.147;395.878;406.4930115;14;1;0;16
E07-088;44256;404284.381;114751.692;396.106;412.381012;9.6;1;0;11
E07-089;44546;404306.362;114776.408;394.348;406.4949951;9.7;1;0;12
E07-090;44393;404323.848;114747.63;393.36;409.5339966;19.5;1;0;24
E07-091;44546;404357.978;114775.569;384.086;401.4750061;4;1;0;6
E07-092;44396;404378.139;114749.55;381.962;403.9809875;9;1;0;12
E07-093;44546;404408.617;114775.195;387.285;399.1740112;10;1;0;12
E07-094;44394;404434.72;114743.826;387.744;404.1000061;13;1;0;17
E07-095;44255;404456.794;114776.349;380.365;398.5440063;12.3;1;0;14
E07-096;44394;404477.406;114744.836;384.46;401.1539917;15;1;0;26
E07-113;44545;404111.353;114723.646;394.721;413.5329895;15.5;1;0;19
E07-114;44393;404136.828;114694.848;402.466;419.3389893;25;1;0;30
E07-115;44545;404155.492;114718.396;394.812;414.5409851;15;1;0;16
E07-116;44393;404177.44;114695.978;400.639;418.5490112;13.5;1;0;15
E07-117;44545;404216.538;114722.484;400.202;412.8179932;7;1;0;8
E07-118;44256;404233.773;114703.355;400.615;417.3139954;20.5;1;0;23
E07-118B;44483;404237.632;114676.901;402.131;421.8779907;22;1;0;26
E07-119;44547;404256.952;114725.11;398.368;415.8309937;10;1;0;10
E07-120;44256;404276.697;114701.986;401.58;420.0220032;15;1;0;15
E07-120B;44396;404275.949;114681.072;405.194;423.1560059;30;1;0;36
E07-121;44546;404307.26;114724.407;400.654;415.9750061;15.5;1;0;18
E07-122;44393;404323.415;114694.131;401.678;419.4899902;9;1;0;9
E07-123;44256;404356.601;114719.949;393.702;412.2940063;9.5;1;0;12
E07-124;44395;404394.225;114690.614;390.533;414.5899963;12;1;0;15
E07-125;44256;404406.808;114741.65;388.867;403.625;4;1;0;5
E07-126;44394;404424.737;114700.972;386.827;408.7850037;15;1;0;18
E07-127;44255;404459.75;114728.469;390.24;404.1940002;4.3;1;0;5
E07-128;44395;404478.626;114697.268;384.02;403.9030151;12;1;0;15
E07-145;44545;404100.36;114676.775;405.087;421.4179993;7;1;0;9
E07-146;44393;404122.818;114644.39;415.127;428.2529907;6;1;0;6
E07-147;44545;404148.016;114671.505;409.086;424.1830139;8.35;1;0;10
E07-148;44393;404186.589;114645.127;414.725;430.7049866;5;1;0;5
E07-149;44545;404199.419;114666.811;407.832;424.5289917;11;1;0;12
E07-150;44483;404234.155;114648.933;403.234;427.4110107;15;1;0;17
E07-151;44547;404261.923;114666.151;406.922;425.4190063;16.7;1;0;18
E07-152;44393;404282.986;114648.546;412.195;428.7269897;17;1;0;20
E07-152A;44483;404309.261;114639.948;412.418;429.6489868;11.5;1;0;13
E07-153;44546;404304.961;114671.107;406.324;424.3739929;15;1;0;18
E07-153A;44483;404329.944;114660.095;411.134;426.6270142;10;1;0;12
E07-154;44393;404333.841;114647.3;413.229;428.6130066;15;1;0;18
E07-154A;44483;404355.574;114645.938;413.87;427.5270081;9.35;1;0;13
E07-155;44546;404354.412;114666.86;411.211;424.4779968;9;1;0;11
E07-156A;44393;404376.734;114648.166;404.012;424.4049988;12;1;0;12
E07-157;44546;404404.584;114657.834;394.849;418.7250061;7.3;1;0;9
E07-158;44395;404432.509;114657.338;396.543;415.2130127;12.8;1;0;20
E07-159;44546;404451.652;114675.756;392.535;409.9509888;3;1;0;3
E07-160;44395;404469.315;114651.815;386.485;411.0549927;9.3;1;0;12
E07-181;44545;404203.963;114626.994;416.738;434.7510071;6;1;0;7
E07-182;44483;404229.539;114595.908;417.167;440.9190063;7;1;0;7
E07-183;44547;404241.014;114619.257;407.437;434.6019897;11;1;0;11
E07-183B;44393;404272.94;114622.416;414.415;432.7829895;17;1;0;17
E07-184;44396;404283.995;114595.67;420.912;435.75;14;1;0;15
E07-185;44546;404318.687;114621.114;417.536;432.0629883;8;1;0;8
E07-186;44393;404325.749;114589.573;416.079;436.0809937;14;1;0;17
E07-186A;44483;404344.802;114608.778;416.16;433.0669861;13;1;0;14
E07-187;44546;404343.626;114626.138;415.368;431.0320129;10;1;0;10
E07-188;44395;404382.736;114599.449;411.011;431.3089905;13;1;0;14
E07-189;44546;404405.117;114618.234;409.584;425.5660095;10;1;0;11
E07-190;44395;404424.711;114604.512;412.529;428.3429871;20;1;0;26
E07-191;44547;404446.921;114622.855;405.294;421.3389893;9;1;0;9
E07-192;44396;404479.165;114602.542;392.783;420.2210083;10;1;0;11
E07-215;44546;404256.023;114572.905;426.216;444.4769897;12.25;1;0;14
E07-216;44483;404279.397;114543.985;436.983;451.4769897;8.4;1;0;10
E07-217;44546;404301.282;114566.424;427.371;441.375;7;1;0;7
E07-219;44546;404348.635;114565.404;415.575;438.2839966;9;1;0;9
E07-220;44483;404374.756;114539.505;427.436;444.7590027;8;1;0;8
E07-221;44546;404402.256;114566.375;418.824;436.6099854;6;1;0;9
E07-222;44396;404436.52;114549.223;410.055;435.5050049;7.5;1;0;8
E07-223;44547;404454.042;114564.828;408.968;430.0100098;7;1;0;7
E07-224;44395;404478.58;114553.355;412.94;429.2929993;12;1;0;14
E07-245;44317;404205.087;114523.952;463.817;472.8049927;7.6;1;0;10
E07-249;44255;404295.97;114526.233;439.577;453.5629883;9;1;0;9
E07-250;44483;404335.048;114493.457;444.005;459.5629883;8;1;0;10
E07-251;44255;404367.512;114520.598;433.575;449.6990051;4;1;0;4
E07-252;44483;404384.318;114497.4;438.546;455.5920105;10;1;0;12
E07-253;44255;404397.247;114519.047;424.943;447.9979858;8;1;0;8
E07-255;44255;404456.57;114528.277;425.811;435.2340088;10;1;0;10
E08-017;44318;404105.843;114472.053;480.323;486.0939941;16;1;0;23
E08-019;44318;404166.021;114471.384;482.353;492.4830017;16.5;1;0;23
E08-021;44317;404203.157;114475.51;481.967;492.9339905;14.25;1;0;16
E08-049;44318;404102.655;114419.963;493.821;502.3710022;12;1;0;13
E08-051;44318;404163.211;114430.671;497.381;506.4389954;15;1;0;19
E08-053;44317;404206.762;114417.287;495.763;510.3940125;21;1;0;30
E08-055;44317;404246.651;114417.947;490.216;505.6600037;16;1;0;21
E08-081;44318;404107.593;114373.243;503.433;517.7589722;24;1;0;30
E08-083;44318;404164.049;114377.331;511.578;523.2810059;12;1;0;15
E08-085;44317;404204.111;114371.364;509.516;524.4060059;21;1;0;24
E08-087;44317;404242.884;114364.857;504.449;519.6729736;8.7;1;0;9
E08-093;44393;404412.196;114368.233;487.859;493.9299927;10;1;0;18
E08-095;44393;404454.272;114371.85;484.179;492.723999;8;1;0;10
E08-113;44318;404110.375;114321.715;515.1885;529.3590088;22;1;0;29
E08-115;44318;404165.204;114326.676;517.215;535.1400146;10;1;0;14
E08-117;44318;404201.798;114321.768;516.818;535.572998;16.5;1;0;20
E08-119;44317;404261.657;114315.454;517.071;534.414978;12;1;0;14
E08-121;44317;404296.43;114314.889;530.003;534.960022;7;1;0;7
E08-125;44393;404413.196;114324.417;490.078;509.1409912;6;1;0;13
E08-126;44391;404435.414;114307.39;506.158;512.6129761;5;1;0;8
E08-127;44254;404457.416;114322.241;504.091;505.8829956;6;1;0;6
E08-128;44391;404481.886;114285.978;509.763;511.4460144;6;1;0;10
E08-145;44318;404132.278;114278.285;524.707;539.3330078;17;1;0;25
E08-147;44318;404164.059;114273.188;526.666;545.8460083;7.5;1;0;9
E08-149;44318;404212.264;114271.885;527.56;550.6170044;12;1;0;13
E08-151;44317;404249.032;114270.747;527.807;550.3540039;7.8;1;0;10
E08-153;44317;404303.718;114267.499;541.136;551.4619751;10.5;1;0;16
E08-158;44391;404430.395;114240.637;516.978;528.585022;6;1;0;10
E08-160;44391;404480.337;114245.966;512.511;524.7410278;20;1;0;22
E08-179;44318;404156.584;114223.56;535.615;556.21698;18;1;0;23
E08-181;44318;404204.298;114226.506;535.763;561.1500244;11.8;1;0;15
E08-185;44317;404304.522;114224.801;551.054;563.8430176;11.7;1;0;15
E08-190;44390;404434.642;114192.342;531.436;544.0949707;5.7;1;0;10
E08-192;44390;404470.85;114191.289;524.56;544.4160156;3.35;1;0;5
E08-211;44318;404157.419;114170.29;549.735;570.0349731;21;1;0;26
E08-213;44318;404203.153;114177.232;556.155;574.4450073;13;1;0;14
E08-215;44318;404253.331;114169.175;567.073;582.4169922;7;1;0;7
E08-224;44390;404477.707;114151.661;534.621;553.4790039;10;1;0;13
E08-255;44254;404459.247;114118.481;544.017;562.007019;13;1;0;15
E08-256;44390;404468.543;114104.414;544.076;562.7470093;10.5;1;0;17
E09-031;44254;404450.634;114062.477;553.922;574.7109985;10;1;0;13
E09-032;44390;404477.912;114046.319;552.542;573.4099731;15;1;0;21
E09-064;44390;404479.817;114000.73;558.42;582.0479736;11;1;0;13
E09-096;44483;404469.178;113955.033;565.047;591.2659912;20;1;0;25
E09-127;44249;404459.652;113920.205;576.081;598.8070068;10.1;1;0;13
E09-128;44481;404479.659;113903.403;578.693;598.9799805;15;1;0;21
E09-160A;44481;404479.556;113849.856;587.634;611.0349731;20;1;0;28
F07-001;44248;404506.71;114873.485;366.71;385.6069946;19;1;1;19
F07-002;44256;404523.855;114858.029;361.801;383.1549988;15.8;1;1;16
F07-003;44248;404556.468;114875.302;354.937;378.019989;19;1;1;19
F07-004;44256;404576.914;114846.977;355.231;374.2999878;13;1;1;13
F07-005;44248;404606.001;114874.269;351.683;369.5849915;22.2;1;1;23
F07-033;44255;404506.9;114822.984;364.506;385.9689941;20;1;1;20
F07-034;44394;404530.545;114797.258;363.651;383.7319946;15;1;1;21
F07-035;44255;404557.467;114824.814;359.653;377.3869934;18;1;1;18
F07-036;44394;404581.619;114801.061;360.306;378.322998;22.5;1;1;27
F07-037;44248;404606.1;114827.635;350.593;371.9689941;17;1;1;19
F07-038;44395;404626.209;114792.456;353.584;369.9429932;20;1;0;28
F07-040;44395;404688.71;114785.019;355.237;353.7669983;14;1;1;19
F07-041;44247;404707.705;114823.041;352.455;345.0849915;15;1;1;15
F07-065;44255;404505.506;114773.581;373.419;391.7720032;9.6;1;1;14
F07-066;44394;404528.328;114751.388;371.954;391.1690063;12;1;0;18
F07-067;44255;404556.059;114769.852;364.205;385.447998;19;1;1;21
F07-069;44248;404607.818;114774.385;351.673;374.7179871;17.5;1;0;18
F07-070;44395;404631.932;114735.632;359.513;369.2090149;14;1;0;21
F07-071;44248;404663.683;114773.619;347.057;359.2120056;12;1;1;12
F07-072;44395;404679.308;114746.098;363.556;361.3569946;11;1;1;14
F07-073;44247;404707.346;114774.265;361.131;356.6889954;12.5;1;1;14
F07-097;44255;404505.921;114725.746;376.609;397.8450012;5.3;1;0;6
F07-099;44255;404555.005;114724.671;360.33;384.6369934;14;1;0;16
F07-100;44395;404581.168;114688.048;381;384.0050049;10;1;0;11
F07-101;44247;404607.448;114721.774;367.28;374.1539917;8.5;1;0;9
F07-102;44395;404629.02;114699.578;366.533;374.1910095;6;1;0;6
F07-103;44247;404656.183;114725.406;361.452;366.5109863;9.5;1;0;11
F07-104;44395;404669.508;114703.972;351.002;368.0230103;16;1;0;22
F07-105;44247;404706.416;114696.762;340.77;362.0669861;22;1;0;22
F07-129;44547;404503.978;114671.262;376.731;401.8370056;8;1;0;10
F07-130;44395;404534.371;114640.291;391.921;404.3880005;7;1;1;8
F07-131;44248;404548.458;114668.181;391.412;394.1210022;9;1;1;11
F07-132;44395;404589.187;114644.858;374.35;393.6879883;9;1;0;10
F07-133;44248;404602.628;114663.926;365.983;386.3059998;11;1;0;11
F07-134;44395;404631.229;114645.798;361.456;383.4349976;18;1;0;20
F07-135;44247;404655.677;114674.874;351.715;373.7090149;21;1;0;22
F07-136;44395;404685.048;114647.126;354.392;371.2650146;12;1;0;18
F07-137;44247;404699.827;114667.991;345.306;366.3880005;16;1;0;17
F07-161;44547;404512.087;114611.12;391.055;413.5740051;3.5;1;1;5
F07-162;44395;404529.745;114600.804;397.088;415.0799866;10;1;0;11
F07-163;44248;404550.74;114624.432;390.881;406.3959961;10;1;1;11
F07-164;44395;404579.088;114604.226;387.611;406.5400085;18;1;0;21
F07-165;44247;404608.04;114623.583;380.614;394.368988;15;1;0;20
F07-166;44395;404635.474;114604.088;379.714;390.1539917;12;1;0;13
F07-167;44247;404656.916;114616.94;369.939;381.243988;11.5;1;0;14
F07-168;44395;404675.615;114601.857;365.543;378.2430115;9;1;0;11
F07-169;44247;404698.14;114618.027;363.587;371.8359985;4;1;0;7
F07-193;44547;404501.861;114566.136;406.104;424.7529907;12;1;1;12
F07-194;44395;404531.987;114543.005;410.469;428.256012;9;1;0;9
F07-195;44547;404547.577;114570.519;401.148;420.0589905;11;1;0;12
F07-196;44395;404585.142;114555.681;397.948;413.1419983;10;1;0;10
F07-197;44247;404603.767;114571.411;390.493;403.9230042;13.5;1;0;16
F07-199;44247;404659.541;114596.305;364.284;382.9559937;5;1;0;7
F07-201;44247;404697.158;114589.046;358.977;372.5679932;5;1;0;6
F07-225;44547;404507.173;114523.769;418.223;433.9389954;8;1;1;8
F07-227;44547;404553.118;114521.279;409.541;429.743988;9.5;1;1;11
F07-229;44547;404594.6;114520.024;401.245;416.9100037;16;1;1;16
F08-065;44393;404501.478;114368.528;478.682;488.9719849;15;1;0;30
F08-097;44254;404505.054;114321.608;500.293;496.2690125;5;1;0;5
F08-129;44254;404499.511;114275.675;503.372;509.7430115;8;1;0;9
F08-130;44391;404536.99;114240.444;508.88;521.440979;13;1;0;27
F08-131;44254;404575.636;114263.904;501.141;501.5069885;10.5;1;0;13
F08-132;44390;404590.501;114236.304;506.105;517.6190186;11;1;0;14
F08-133;44254;404607.5;114275.567;492.867;492.8739929;6;1;0;7
F08-161;44254;404508.484;114228.671;511.048;531.1810303;8;1;0;13
F08-162;44390;404528.916;114194.797;521.411;538.9890137;8.1;1;1;12
F08-163;44254;404555.306;114224.799;511.885;528.0629883;10;1;0;10
F08-164;44390;404581.518;114195.946;514.775;533.1610107;12.5;1;1;16
F08-165;44254;404610.071;114219.796;507.863;519.8099976;14.25;1;0;17
F08-166;44390;404624.548;114189.562;510.58;524.9660034;8;1;0;10
F08-167;44254;404652.278;114210.068;499.507;510.9660034;3.5;1;0;5
F08-172A;44392;404783.161;114200.427;487.382;505.3059998;15;1;1;16
F08-173;44253;404807.142;114223.136;481.044;496.6069946;10.6;1;1;13
F08-174;44392;404833.539;114190.444;489.273;508.4240112;9;1;1;13
F08-175;44253;404846.681;114217.889;490.09;496.178009;3;1;1;3
F08-176;44392;404881.092;114190.14;477.354;498.2460022;18.8;1;1;25
F08-177;44253;404905.366;114215.256;468.925;483.9679871;16;1;0;17
F08-178;44392;404925.791;114196.362;465.974;486.178009;16.3;1;1;19
F08-193;44249;404518.166;114175.246;527.039;544.2269897;5.85;1;1;6
F08-194;44390;404533.772;114145.659;532.822;549.3610229;7.25;1;1;9
F08-195;44249;404553.709;114174.885;525.074;541.9730225;8.8;1;1;9
F08-196;44390;404577.719;114148.972;527.442;546.4910278;15;1;1;19
F08-197;44254;404615.46;114170.728;516.966;534.0930176;8.75;1;1;10
F08-198;44390;404632.84;114143.636;524.72;535.5650024;12;1;0;17
F08-199;44254;404658.259;114175.12;508.573;518.9520264;9.75;1;0;11
F08-203;44253;404757.489;114174.77;486;512.3120117;8.3;1;1;11
F08-204;44392;404778.515;114141.253;507.682;520.8099976;13;1;1;15
F08-205;44253;404800.987;114180.012;493.104;512.6749878;14.5;1;1;17
F08-206;44392;404829.763;114153.191;502.437;516.5180054;5;1;1;6
F08-207;44253;404859.277;114169.624;489.761;508.6229858;11.85;1;1;13
F08-208;44392;404875.311;114142.517;498.771;504.6300049;15;1;0;16
F08-209;44253;404903.994;114176.47;478.913;493.178009;10.6;1;1;14
F08-210;44392;404916.22;114145.889;475.986;493.1730042;12;1;1;12
F08-225;44249;404509.66;114125.387;536.528;553.9799805;13;1;1;14
F08-226;44389;404524.656;114101.971;540.451;557.3800049;15.7;1;1;21
F08-227;44249;404555.354;114122.248;533.165;551.8959961;8.2;1;1;10
F08-228;44391;404577.091;114091.98;537.564;552.4630127;8;1;1;12
F08-229;44252;404606.469;114122.263;531.379;545.3770142;16;1;1;21
F08-230;44391;404628.367;114099.169;528.315;542.2490234;10;1;1;13
F08-231;44252;404655.983;114126.519;524.349;531.6849976;18.25;1;0;21
F08-232;44391;404676.789;114089.34;521.464;533.0020142;15;1;1;21
F08-233;44252;404737.353;114114.664;520.093;523.6170044;6.4;1;1;8
F08-234;44391;404732.955;114088.024;522.773;530.6630249;13.8;1;0;16
F08-235;44252;404759.223;114126.915;513.84;522.0629883;7.35;1;1;9
F08-236;44392;404779.455;114101.017;517.895;526.6760254;7.6;1;1;8
F08-237;44253;404807.122;114126.043;511.967;521.4550171;10;1;1;12
F08-238;44392;404831.296;114098.557;510.039;519.8200073;8;1;1;9
F08-239;44253;404857.737;114125.195;504.292;510.993988;11;1;0;11
F08-240;44392;404877.426;114097.368;495.355;510.3370056;11;1;1;11
F08-241;44253;404907.444;114123.745;481.823;500.9309998;8;1;1;10
F08-242;44392;404918.701;114092.709;477.651;502.0610046;6;1;1;10
F09-001;44249;404508.714;114071.642;546.331;564.322998;9.25;1;1;10
F09-002;44390;404529.374;114056.481;545.145;564.1519775;18;1;1;23
F09-003;44249;404555.086;114074.266;541.017;557.4069824;15;1;1;19
F09-004;44390;404578.113;114049.863;539.468;555.6959839;10;1;1;10
F09-005;44252;404602.724;114078.045;534.263;548.822998;18;1;1;26
F09-006;44391;404630.02;114040.777;534.681;551.1660156;14;1;1;16
F09-007;44252;404659.86;114074.569;526.266;539.0599976;14.7;1;1;21
F09-008;44391;404672.739;114049.161;524.405;544.7189941;10;1;1;12
F09-009;44251;404699.662;114075.534;517.055;536.0269775;12;1;1;16
F09-010;44391;404726.842;114044.229;525.887;537.3040161;6;1;1;9
F09-011;44251;404757.755;114076.47;522.745;530.1870117;9.3;1;1;11
F09-012;44391;404779.274;114047.488;513.961;526.8289795;6;1;1;10
F09-013;44251;404809.104;114080.356;512.745;525.8839722;8.3;1;0;11
F09-014;44391;404827.806;114045.717;503.487;517.0679932;9.35;1;1;11
F09-015;44253;404857.085;114075.697;497.708;513.7800293;5.7;1;0;6
F09-016;44391;404880.468;114049.576;492.794;507.5610046;8.7;1;0;12
F09-017;44253;404902.51;114073.993;486.153;505.2999878;9.6;1;1;12
F09-018;44392;404929.523;114061.644;485.034;498.7009888;5.5;1;0;15
F09-033;44249;404502.969;114023.737;552.85;573.8640137;9;1;0;11
F09-034;44389;404525.989;114006.827;549.177;571.3469849;9;1;0;11
F09-035;44249;404557.998;114027.32;541.738;561.3519897;5.2;1;1;9
F09-036;44389;404588.773;113993.266;541.59;560.8980103;15;1;0;16
F09-037;44252;404605.092;114021.975;536.866;556.3480225;7.2;1;1;11
F09-038;44392;404625.246;114009.305;533.626;554.9349976;13;1;0;20
F09-039;44252;404655.107;114024.109;526.333;551.0529785;8.8;1;1;15
F09-040;44392;404677.067;114000.23;528.779;548.1149902;18;1;1;24
F09-041;44252;404706.157;114024.528;526.507;541.4829712;16.4;1;1;22
F09-042;44392;404721.818;113998.206;523.201;538.7130127;21.5;1;0;29
F09-043;44251;404755.832;114023.132;515.386;531.2299805;10;1;1;12
F09-044;44389;404777.911;114008.633;504.821;525.9140015;13;1;0;14
F09-045;44251;404803.913;114019.871;497.141;520.7670288;3.5;1;0;4
F09-046;44389;404826.442;114010.841;490.84;515.0170288;10;1;0;15
F09-047;44251;404858.381;114028.725;491.114;509.4909973;5.7;1;0;6
F09-048;44389;404876.045;113994.506;481.33;504.355011;6;1;0;7
F09-049;44251;404901.948;114022.514;481.372;499.553009;6.6;1;0;8
F09-050;44389;404929.67;113993.919;477.535;498.0029907;11;1;0;12
F09-065;44249;404499.491;113971.113;558.631;581.742981;14.3;1;0;21
F09-066;44390;404530.674;113945.772;558.736;581.2700195;25;1;0;31
F09-067;44252;404561.318;113971.332;547.592;569.4190063;11.2;1;0;15
F09-068;44389;404576.397;113939.011;549.556;573.0759888;12;1;0;18
F09-069;44252;404608.72;113977.992;540.231;560.1119995;9.5;1;0;13
F09-070;44389;404629.128;113941.99;537.568;559.4619751;12;1;0;15
F09-071;44252;404654.232;113979.861;533.727;554.2880249;9;1;0;13
F09-072;44389;404669.348;113949.184;536.823;551.8809814;15;1;0;17
F09-073;44252;404702.592;113972.375;527.463;544.1019897;9.2;1;0;12
F09-074;44389;404722.846;113949.926;519.168;541.0230103;10.5;1;0;12
F09-075;44251;404756.246;113974.161;512.662;530.9190063;4.3;1;0;6
F09-076;44389;404777.519;113953.979;512.577;526.5859985;13.5;1;0;14
F09-077;44251;404805.686;113975.197;503.353;518.8179932;5.5;1;0;6
F09-078;44389;404822.131;113957.579;497.805;515.9060059;15;1;0;15
F09-079;44251;404855.483;113982.375;491.616;508.019989;9.45;1;0;12
F09-080;44389;404875.366;113953.799;484.354;506.631012;8.2;1;0;13
F09-081;44251;404911.454;113973.339;479.258;501.9259949;4.4;1;0;7
F09-082;44389;404921.05;113940.044;482.544;501.5830078;6;1;0;13
F09-097;44249;404513.452;113927.411;565.281;588.4959717;11.2;1;0;18
F09-098;44481;404534.456;113890.284;568.379;592.367981;27.55;1;0;38
F09-099;44249;404554.227;113919.672;558.645;583.2199707;13.7;1;0;15
F09-100;44389;404586.383;113895.46;554.499;579.2639771;16.8;1;0;20
F09-101;44252;404608.579;113923.754;545.646;566.8649902;10;1;0;12
F09-102;44389;404621.033;113890.149;542.792;566.5150146;13.7;1;0;14
F09-103;44252;404654.588;113926.304;537.182;555.3359985;7.3;1;0;10
F09-104;44480;404675.795;113888.521;527.709;553.1110229;18;1;0;20
F09-105;44251;404707.778;113927.831;520.947;545.3220215;11.6;1;0;14
F09-106;44480;404722.27;113894.426;523.222;543.684021;26.8;1;0;27
F09-107;44251;404755.642;113926.304;516.864;533.7550049;13;1;0;14
F09-129;44249;404508.791;113873.864;576.369;600.6459961;9.6;1;0;11
F09-130;44481;404537.921;113850.717;568.164;593.5839844;11.5;1;0;13
F09-131;44249;404557.72;113874.621;563.688;589.0620117;14;1;0;15
F09-132;44481;404580.006;113844.412;556.897;583.7910156;17;1;0;17
F09-133;44249;404605.794;113859.179;547.849;573.9539795;15.3;1;0;17
F09-134A;44480;404637.568;113824.89;546.531;570.7520142;30.4;1;0;36
F09-135;44249;404656.398;113876.439;535.397;558.7109985;17.8;1;0;22
F09-136;44480;404685.05;113847.851;537.261;557.0540161;23.5;1;0;33
F09-137;44249;404706.642;113878.945;528.226;548.7490234;20.35;1;0;21
F09-138;44480;404729.14;113850.541;535.17;548.03302;29;1;0;34
F09-139;44251;404751.78;113879.721;523.973;539.03302;13.4;1;0;16
F09-164;44481;404580.678;113788.365;565.635;591.9429932;30;1;0;32
F09-165;44249;404613.994;113820.9;549.617;575.8270264;11.8;1;0;14
F09-166;44481;404633.1;113794.913;553.501;576.1220093;29;1;0;39
F09-167;44249;404661.432;113823.389;543.945;565.6329956;17.35;1;0;22
F09-168;44481;404678.164;113795.466;546.124;566.1049805;24.2;1;0;30
F09-169;44249;404707.95;113827.718;539.151;556.1740112;4;1;0;5
F09-170;44480;404736.576;113792.06;539.381;555.7509766;29.6;1;0;32
F09-171;44250;404751.552;113807.609;535.822;550.8930054;12;1;0;13
F09-196;44481;404571.615;113746.711;580.248;601.1430054;23.6;1;0;30
F09-197;44250;404607.034;113774.441;561.028;586.7919922;16;1;0;19
F09-198;44481;404632.058;113751.45;560.678;584.1539917;27.25;1;0;27
F09-199;44250;404655.815;113773.742;552.389;575.3339844;14.3;1;0;18
F09-200;44480;404681;113749.913;550.233;573.0839844;28.5;1;0;36
F09-201;44250;404706.038;113775.972;540.35;563.2789917;10;1;0;11
F09-202;44480;404739.742;113745.737;543.686;563.4860229;30;1;0;34
F09-203;44250;404756.795;113774.549;540.185;556.1640015;18.7;1;0;19
F09-228;44481;404575.206;113699.407;591.734;606.1970215;24;1;0;25
F09-229;44250;404605.298;113718.114;575.394;592.6970215;15;1;0;16
F09-230;44481;404634.868;113684.341;574.34;594.5700073;18.3;1;0;21
F09-231;44250;404658.57;113720.748;562.384;581.6079712;5.6;1;0;7
F09-232;44480;404681.185;113697.628;561.815;582.8930054;25.7;1;0;29
F09-233;44250;404705;113726.424;550.951;571.875;13;1;0;16
F09-234;44480;404737.811;113695.289;552.96;572.8189697;20;1;0;24
F09-235G;44250;404752.496;113726.986;544.203;564.9890137;16;1;0;19
F10-004;44480;404587.795;113649.601;596.733;615.6370239;13.3;1;0;16
F10-005;44250;404611.276;113685.094;579.379;598.125;9;1;0;12
F10-006;44480;404635.131;113644.415;587.104;605.3790283;23;1;0;26
F10-007;44250;404654.538;113682.925;570.758;592.1859741;15;1;0;17
F10-008;44480;404681.4;113645.129;580.632;596.2719727;14;1;0;17
F10-009;44250;404706.743;113674.112;562.996;584.835022;12;1;0;15
F10-010;44480;404734.762;113651.088;575.761;587.2269897;12.7;1;0;16
F10-011;44250;404761.943;113678.163;565.562;574.5579834;17.85;1;0;24
E07-216i;45274;404308.198;114542.703;426.751;446.8479919;11;0;0;11
E07-214i;45274;404263.628;114543.814;439.953;454.5329895;15;0;0;15
E07-217i;45274;404301.974;114569.749;425.814;440.4899902;15;0;0;16
E07-214;45274;404232.288;114552.977;441.896;455.9039917;7.7;0;0;10
E07-215i;45274;404280.433;114575.35;425.295;440.5400085;15;0;0;16
E07-214R;45274;404231.385;114552.425;442.039;456.2980042;15;0;0;17
E07-213i;45274;404240.542;114570.447;430.043;447.3190002;15;0;0;20
E07-212i;45274;404203.832;114559.434;447.08;458.321991;15;0;0;16
E07-182i;45274;404263.945;114600.614;418.501;436.2879944;15;0;0;15
E07-213;45274;404211.908;114574.469;437.931;450.947998;15;0;0;15
E07-184i ;45274;404300.795;114597.867;420.441;#N/A;15;0;0;15
E07-180i;45274;404213.147;114586.754;430.816;446.4760132;9;0;0;10
E07-186i;45274;404327.303;114599.963;417.149;434.7000122;16;0;0;16
E07-181i;45274;404235.476;114624.136;411.15;433.6870117;15;0;0;15
E07-188i;45274;404347.097;114608.421;415.588;432.9750061;15;0;0;15
E07-183i;45274;404281.713;114624.181;414.008;432.1740112;16;0;0;16
E07-187i;45274;404351.738;114629.139;413.56;430.0100098;15;0;0;15
E07-183A;45274;404310.497;114625.365;416.248;431.4849854;15;0;0;16
E07-153i ;45274;404335.97;114674.747;408.395;#N/A;15;0;0;15
E07-185i;45274;404330.162;114623.801;417.49;431.7470093;15;0;0;15
E07-152i;45274;404301.047;114646.864;410.417;428.7160034;15;0;0;15
E07-151i ;45274;404277.752;114672.667;410.672;#N/A;27;0;0;27
E07-150i;45274;404256.671;114654.943;411.192;427.1470032;18;0;0;18
E07-147i;45274;404181.959;114673.007;408.811;423.9549866;15;0;0;15
E07-148i;45274;404204.862;114650.43;410.558;428.0140076;15;0;0;15
E07-114i;45274;404160.218;114688.853;407.29;420.2990112;25;0;0;26
E07-146i;45274;404162.583;114656.491;410.023;428.0490112;15;0;0;15
E07-116i;45274;404211.737;114707.78;401.216;415.6489868;21;0;0;21
E07-145i;45274;404133.968;114670.501;409.349;423.7309875;15;0;0;15
E07-113i;45274;404132.368;114716.167;396.955;415.0329895;20;0;0;20
E07-118i;45274;404254.251;114696.889;408.033;420.0329895;21;0;0;21
E07-115i;45274;404171.338;114722.438;392.276;413.5069885;14;0;0;14
E07-117i;45274;404231.881;114724.085;402.263;413.3269958;15;0;0;16
E07-082i;45274;404164.952;114744.207;388.405;410.6870117;15;0;0;15
E07-083i;45274;404193.35;114775.938;386.338;404.1669922;21;0;0;22
E07-081i;45274;404129.115;114774.13;388.522;409.4630127;18;0;0;19
E07-048i;45274;404103.619;114800.795;393.42;406.098999;15;0;0;15
E07-050i;45274;404155.03;114802.319;387.661;404.2950134;22;0;0;22
E07-016i;45274;404110.872;114855.557;382.404;397.4219971;15;0;0;15
E07-049i;45274;404131.719;114829.944;385.276;401.0809937;15;0;0;15
E07-017i;45274;404136.441;114874.344;373.13;391.1409912;19;0;0;19
E07-018i;45274;404155.008;114849.695;376.385;396.1400146;17;0;0;18
E07-053i;45274;404235.901;114817.518;384.898;398.9119873;21;0;0;21
E07-019i;45274;404181.239;114880.339;363.472;388.5360107;17;0;0;18
E07-024i;45287;404306.125;114836.712;380.62;397.1170044;15;0;0;15
E07-085i;45274;404236.265;114776.079;389.904;403.5920105;15;0;0;15
E07-055i;45287;404282.865;114824.419;384.128;399.7810059;17;0;0;17
E07-086i;45287;404258.234;114749.429;398.993;411.1809998;15;0;0;15
E07-119i;45287;404278.463;114723.459;405.111;417.2460022;15;0;0;15
E07-054i;45287;404262.012;114796.363;390.273;402.6589966;16;0;0;17
E07-087i;45287;404280.406;114776.484;395.87;406.9790039;15;0;0;15
E07-088i;45287;404304.318;114748.607;398.777;412.2709961;16;0;0;16
E07-120i;45287;404304.521;114700.107;403.519;419.3500061;17;0;0;17
E07-122i;45287;404346.331;114699.906;403.19;417.8569946;15;0;0;15
E07-121i;45287;404318.051;114729.336;397.131;413.9819946;15;0;0;15
E07-123i;45287;404378.234;114732.187;384.343;407.0159912;10;0;0;12
E07-090i;45287;404350.325;114746.177;389.079;407.0490112;15;0;0;15
E07-155i;45287;404378.003;114675.99;401.122;420.4049988;15;0;0;15
E07-089i;45287;404326.562;114774.686;390.884;404.6210022;15;0;0;16
E07-056i;45303;404305.759;114801.15;389.109;402.9460144;13.38;0;0;14
E07-058i;45303;404357.977;114800.671;383.515;397.6860046;15;0;0;15
E07-057i;45303;404338.107;114825.003;382.147;396.4400024;15;0;0;15
E07-021i;45303;404225.863;114876.497;377.685;391.3800049;15;0;0;15
E07-023i;45303;404281.006;114879.146;368.26;386.7109985;15;0;0;15
E07-022i;45303;404263.126;114856.751;376.737;393.6069946;21;0;0;22
E07-020i;45303;404210.621;114860.074;377.608;392.6270142;16;0;0;16
E07-029i;45302;404439.123;114874.922;374.045;387.4580078;12;0;0;12
E07-028i;45302;404411.431;114857.002;373.639;385.6109924;10;0;0;10
E07-031i;45302;404478.048;114873.391;373.447;388.4599915;15;0;0;15
E07-030i;45302;404454.722;114835.38;380.229;393.7430115;12;0;0;12
F07-000i;45302;404496.079;114849.049;367.829;388.0130005;15;0;0;15
F07-001i;45302;404525.535;114874.785;362.47;383.2349854;18;0;1;19
F07-003i;45302;404584.825;114868.462;351.236;373.1220093;21;0;1;21
F07-002i;45302;404553.608;114849.638;354.01;377.5239868;18;0;1;18
F07-005i;45314;404627.058;114875.086;350.371;364.3460083;20;0;1;20
F07-004i;45314;404610.378;114848.42;352.159;370.2219849;21;0;1;23
F07-035i;45314;404577.753;114828.528;357.158;375.151001;20;0;1;20
F07-006;45314;404632.486;114849.46;342.236;363.5650024;20;0;0;22
F07-033i;45314;404535.914;114818.203;360.323;380.9859924;20;0;1;21
E07-063i;45314;404477.768;114826.636;372.93;391.7099915;15;0;0;16
F07-037i;45314;404624.601;114820.847;341.372;367.2630005;18;0;1;20
E07-061i;45314;404432.28;114823.713;383.994;393.947998;10;0;0;11
E07-060i;45314;404406.822;114796.364;384.751;395.2940063;10;0;0;11
F07-036i;45314;404605.863;114799.061;351.591;374.9509888;18;0;1;18
F07-034i;45332;404557.63;114803.691;359.991;380.3340149;18;0;1;20
F07-032i;45320;404499.004;114791.845;367.214;389.7829895;15;0;0;17
E07-062i;45320;404445.134;114784.107;382.322;398.4700012;12;0;0;15
E07-093i ;45320;404424.349;114769.313;388.98;#N/A;10;0;0;11
E07-125A;45320;404411.136;114722.878;391.427;406.1210022;10;0;0;11
E07-127A;45332;404434.548;114730.266;387.335;405.2799988;15;0;0;18
F07-064i;45332;404500.761;114752.697;379.224;396.67099;10;0;0;10
E07-095i;45332;404480.627;114775.02;376.976;395.5820007;15;0;0;19
F07-072i ;45332;404705.431;114751.93;363.081;#N/A;15;0;1;16
F07-065i;45332;404533.13;114773.953;366.687;387.7399902;12;0;1;16
F07-067i;45332;404582.713;114779.289;359.893;379.8729858;12;0;1;12
F07-074;45332;404733.254;114751.391;354.525;355.7900085;12;0;0;12
F07-071i;45339;404684.931;114769.331;359.37;357.1530151;15;0;1;17
F07-073i;45332;404729.637;114776.543;362.05;356.3200073;15;0;1;16
F07-040i;45339;404708.387;114799.632;357.759;351.6839905;15;0;1;15
F07-042;45339;404734.137;114799.691;359.829;353.1489868;18;0;1;18
F07-040A;45342;404685.689;114797.387;350.378;350.6499939;15;0;1;18
F07-008i;45386;404709.313;114850.281;344.945;340.7950134;15;0;0;15
F07-130A;45342;404559.098;114672.752;388.845;390.7080078;10;0;1;16
F07-010;45342;404728.673;114851.047;350.231;342.2359924;20;0;1;20
F07-130i;45342;404557.693;114650.084;390.786;397.5010071;10;0;1;13
F07-161i;45342;404535;114622.798;389.625;408.8089905;9;0;1;10
F07-009i;45342;404731.275;114872.721;345.367;339.6359863;20;0;0;20
F07-161A;45352;404509.805;114625.321;386.575;410.4400024;10;0;1;12
F07-011;45352;404758.182;114874.153;347.176;338.6560059;19;0;1;19
F07-160i;45352;404500.057;114602.003;393.631;417.2200012;9;0;0;9
F07-011i;45352;404779.91;114874.903;339.489;334.3399963;8;0;1;8
E07-223i;45352;404474.093;114569.501;410.727;426.2709961;15;0;0;18
F07-012;45352;404777.607;114842.024;348.783;341.9339905;15;0;0;16
F07-193A;45352;404503.003;114561.853;410.425;425.6910095;20;0;1;20
F07-192i;45358;404502.89;114544.828;415.589;429.4609985;15;0;0;16
F07-225i;45358;404529.675;114520.156;415.699;433.8200073;10;0;1;11
F07-010i;45358;404754.068;114855.5;350.309;342.5660095;20;0;1;22
F07-226i;45358;404550.616;114494.073;420.189;436.0939941;13.5;0;0;14
F07-041i;45358;404731.065;114822.827;355.156;347.45401;20;0;1;24
F08-003;45366;404551.551;114472.118;429.036;441.0180054;13;0;1;15
F07-043;45366;404755.686;114816.554;358.209;349.3110046;15;0;1;15
F08-003i;45366;404582.263;114475.929;412.568;430.1579895;12;0;1;13
F07-043i;45366;404778.842;114815.094;355.571;345.7369995;10;0;1;12
F07-044;45366;404774.989;114793.971;359.347;348.2090149;10;0;0;12
F07-042i;45366;404759.033;114799.754;361.081;351.4649963;13;0;1;14
F07-228;45366;404573.683;114496.186;409.768;428.7550049;18.6;0;0;19
F07-075;45366;404754.746;114777.033;359.143;352.5310059;13;0;0;17
F07-227i;45372;404581.933;114528.298;402.627;420.1069946;22.5;0;1;27
F07-131i;45372;404580.444;114671.373;379.872;387.9989929;12;0;1;15
F07-229A;45372;404600.54;114523.666;396.759;413.7950134;18;0;1;19
F07-163i;45372;404572.631;114631.173;384.863;400.4230042;12;0;1;15
F08-050i;45524;404964.076;114398.267;423.768;408.7720032;6;0;0;7
F08-081i;45524;404936.652;114375.817;424.814;414.8729858;6.15;0;0;7
F08-082;45524;404939.213;114342.536;429.939;428.368988;10;0;1;13
F08-082i;45524;404952.65;114339.778;429.14;428.7680054;6;0;1;6
F08-106i;45503;404768.516;114296.152;460.129;458.92099;10;0;0;10
F08-108;45503;404791.356;114297.703;461.28;458.2739868;10;0;1;10
F08-108i;45503;404816.298;114298.168;456.402;456.5249939;11;0;1;11
F08-109i;45503;404835.062;114317.702;440.144;441.9129944;9;0;0;9
F08-110;45503;404833.296;114299.715;449.625;453.5280151;12;0;1;12
F08-110i;45503;404858.444;114297.56;445.745;452.9700012;16;0;1;18
F08-111;45503;404861.431;114317.405;440.667;439.428009;8;0;1;11
F08-111i;45503;404880.563;114321.704;437.648;435.9949951;12;0;1;12
F08-112;45503;404887.067;114297.354;440.319;451.6270142;10;0;1;10
F08-112i;45524;404910.398;114289.365;448.076;455.7430115;15;0;1;16
F08-113;45524;404913.109;114321.044;437.463;436.4790039;14;0;1;16
F08-113i;45524;404932.524;114320.554;439.841;437.8110046;10;0;1;11
F08-114;45524;404932.667;114300.354;444.066;448.1940002;10;0;1;12
F08-114i;45524;404958.377;114295.64;445.305;448.6629944;10;0;1;12
F08-115;45524;404955.682;114318.207;436.455;437.9819946;8;0;0;9
F08-137A;45478;404722.96;114254.565;451.205;479.8580017;8;0;0;8
F08-138;45478;404728.796;114245.385;456.71;483.4779968;6;0;1;7
F08-138i;45503;404761.415;114239.945;470.374;486.0010071;8;0;1;9
F08-139i;45503;404780.393;114268.921;470.713;473.677002;9;0;0;9
F08-140;45503;404782.091;114244.392;480.526;485.1260071;13;0;1;13
F08-140i;45570;404803.57;114242.491;423.685;487.1610107;15;0;1;15
F08-141;45503;404812.731;114281.046;461.023;467.0409851;12;0;1;12
F08-141i;45503;404830.922;114275.007;456.072;469.9960022;14;0;1;15
F08-142;45570;404827.632;114237.969;422.423;489.1069946;15;0;0;16
F08-143;45503;404861.591;114272.361;449.688;469.8190002;10;0;1;10
F08-143i;45503;404877.65;114266.358;450.741;471.0620117;11;0;1;13
F08-144;45524;404890.612;114235.272;473.091;479.7460022;9;0;1;9
F08-144i;45524;404907.102;114247.634;464.266;472.7250061;6.5;0;1;7
F08-145;45524;404910.614;114275.048;451.132;463.45401;12;0;1;15
F08-145i;45524;404924.097;114264.602;455.269;465.0570068;6;0;1;8
F08-162i;45414;404557.837;114193.302;518.105;537.052002;16.5;0;1;18
F08-164i;45429;404598.312;114193.354;516.576;530.7299805;10;0;1;12
F08-169i;45478;404727.79;114221.672;467.468;492.8039856;10;0;0;10
F08-170;45478;404727.71;114195.096;480.714;503.0119934;10;0;1;10
F08-170i;45570;404765.656;114190.405;484.167;508.0820007;13;0;1;13
F08-171;45570;404758.32;114219.175;477.016;495.3619995;10;0;1;12
F08-171i;45503;404782.636;114215.389;484.736;499.0150146;10;0;1;10
F08-172i;45570;404807.491;114192.826;489.697;508.3659973;15;0;1;15
F08-173i;45570;404840.012;114215.83;435.806;497.9490051;8;0;1;12
F08-174i;45570;404857.72;114194.159;482.992;503.6119995;17;0;1;17
F08-175i;45571;404886.956;114223.577;479.085;484.9710083;7;0;1;7
F08-176i;45570;404905.112;114190.737;471.54;491.0150146;20;0;1;20
F08-178i;45571;404957.762;114190.713;464.426;484.3299866;9;0;1;9
F08-193i;45414;404528.995;114172.704;527.683;544.0440063;10;0;1;11
F08-194i;45407;404550.937;114140.786;532.278;549.5219727;10;0;1;12
F08-195i;45407;404576.507;114169.11;523.576;541.7230225;10;0;1;0
F08-196i;45429;404605.167;114143.302;528.159;543.2420044;15;0;1;20
F08-197i;45429;404626.311;114165.372;523.303;532.5100098;10;0;1;11
F08-201i;45478;404733.775;114171.421;492.155;510.4110107;8;0;0;8
F08-202;45478;404747.545;114144.801;501.525;518.0679932;8;0;1;8
F08-202i;45478;404765.175;114144.057;506.014;519.697998;10;0;1;10
F08-203i;45570;404784.065;114173.704;494.489;514.2789917;15;0;1;15
F08-204i;45478;404808.761;114144.579;507.141;519.7520142;7.5;0;1;8
F08-205i;45570;404832.885;114164.144;497.758;514.8709717;12;0;1;12
F08-206i;45478;404854.038;114140.461;503.555;511.5509949;15;0;1;15
F08-207i;45570;404886.635;114173.494;483.637;498.9070129;12;0;1;12
F08-209i;45571;404928.09;114169.269;466.518;488.6889954;9;0;1;11
F08-210A;45571;404932.214;114143.686;467.494;490.9460144;10;0;1;10
F08-210i;45571;404960.414;114144.76;468.324;488.7000122;9;0;1;10
F08-211;45571;404952.905;114170.552;465.16;486.2879944;11;0;0;11
F08-225i;45414;404527.344;114120.614;537.253;553.7620239;10;0;1;11
F08-226i;45407;404547.477;114093.481;538.61;556.2449951;15;0;1;17
F08-227i;45407;404579.403;114116.651;533.579;550.1350098;15;0;1;17
F08-228i;45407;404593.091;114093.11;534.537;549.71698;22;0;1;24
F08-229i;45429;404627.644;114118.744;528.305;541.1970215;15;0;1;16
F08-230i;45466;404662.413;114097.423;521.216;533.7609863;12.25;0;1;13
F08-232A;45466;404677.853;114094.632;519.786;531.6719971;13;0;1;16
F08-233i;45466;404743.364;114116.892;519.507;523.1309814;10;0;1;10
F08-235i;45466;404784.625;114118.936;515.617;524.2479858;7;0;1;7
F08-236i;45466;404808.188;114100.325;514.955;524.2189941;10;0;1;10
F08-237i;45478;404835.217;114126.412;507.819;516.1690063;10;0;1;10
F08-238i;45478;404857.361;114097.584;504.537;514.0629883;10;0;1;10
F08-240i;45571;404902.957;114093.731;482.036;505.9200134;15;0;1;17
F08-241i;45571;404931.054;114120.411;469.697;496.1560059;8;0;1;8
F08-242A;45571;404920.515;114094.44;477.441;501.5849915;14;0;1;16
F09-001i;45414;404523.504;114069.802;544.88;562.9199829;15;0;1;15
F09-002i;45407;404551.129;114038.537;542.785;561.8690186;15;0;1;17
F09-003i;45407;404574.568;114079.372;538.637;553.7709961;16;0;1;16
F09-004i;45407;404604.225;114041.421;537.422;553.6119995;13.3;0;1;14
F09-005i;45453;404630.142;114069.692;532.393;544.9509888;11.5;0;1;13
F09-006i;45453;404646.913;114047.532;531.018;548.1190186;13.5;0;1;15
F09-007i;45466;404692.502;114072.184;518.962;536.9320068;10;0;1;11
F09-008A;45453;404682.631;114053.306;520.655;542.5819702;10;0;1;11
F09-008i;45453;404704.956;114043.32;524.32;541.3640137;10;0;1;10
F09-009i;45466;404730.386;114069.518;523.926;534.9710083;10;0;1;10
F09-010i;45453;404752.343;114046.422;522.44;531.6439819;10;0;1;10
F09-011i;45466;404775.29;114062.915;518.824;528.4749756;10;0;1;10
F09-012i;45466;404807.184;114049.11;511.876;522.4530029;10;0;1;10
F09-014i;45466;404850.644;114038.056;498.022;511.7260132;5;0;1;5
F09-017i;45571;404928.763;114077.851;477.757;499.3529968;14;0;1;15
F09-035i;45453;404573.607;114018.751;540.05;559.9210205;12.8;0;1;13
F09-037i;45453;404631.76;114017.846;532.605;554.0570068;14;0;1;16
F09-039i;45453;404681.747;114023.668;522.609;546.3699951;10;0;1;10
F09-040A;45453;404675.884;113993.707;530.254;548.8579712;15;0;1;16
F09-041i;45453;404728.662;114021.932;523.592;536.8140259;10;0;1;10
F09-043i;45453;404777.901;114026.667;507.087;526.4470215;10;0;1;10
